cd,inc_medianHHI,inc_meanHHI,inc_perCapita,popEmp_16plusTotalPop,popEmp_civilianLaborForce,popEmp_civLaborForceEmployed,popEmp_civLaborForceUnemployed,popEmp_armedForces,civInd_16plusTotalEmpl,civInd_AgricultureForestryFishingHuntingMining,civInd_Construction,civInd_Manufacturing,civInd_Wholesale,civInd_Retail,civInd_TransportWarehousingUtilities,civInd_Information,civInd_FinanceInsuranceRealestate,civInd_ProfessionalScientificManagementAdministrationWaste,civInd_EducationHealthSocial,civInd_ArtsEntertainRecAccommodateFood,civInd_Other,civInd_Publicadmin,civHealth_nonInstTotalPop,civHealth_covered,civHealth_private,civHealth_public,civHealth_none
AL-01,71253,92139,37170,609348,343785,329161,14624,4837,329161,5305,28182,37148,7290,40141,22285,2227,22176,31241,72861,26738,16304,17263,746664,685508,484502,300825,61156
AL-02,54977,79116,32985,565906,317950,302242,15708,3619,302242,3982,16245,39803,6159,37076,19012,3634,14595,30505,64822,29299,13973,23137,685561,628735,433379,289452,56826
AL-03,62191,80619,32875,601971,342228,327031,15197,2427,327031,3825,21354,54857,5711,39732,15736,2600,13577,28068,82698,26803,14329,17741,725253,670501,488507,288569,54752
AL-04,63203,84688,34082,588831,336703,323785,12918,561,323785,4305,25770,59740,5141,36908,19743,2803,16075,23974,75372,22596,16971,14387,727455,657210,475627,284361,70245
AL-05,80140,106158,43267,626597,391988,378784,13204,1024,378784,3997,23265,61596,5769,40832,15417,4483,15755,60050,74734,30359,15850,26677,764332,703316,568777,248519,61016
AL-06,86712,117452,46161,583409,374474,362995,11479,2187,362995,2468,25770,35716,9781,36363,20635,8224,29597,38769,91492,27340,16073,20767,715636,669149,539663,218894,46487
AL-07,54635,74912,31513,584076,340747,320296,20451,555,320296,6609,19631,38943,5174,36884,21210,3408,19094,30891,74852,30103,15308,18189,708809,641443,435940,290886,67366
AK-00,95665,122082,47267,586083,363709,342028,21681,26882,342028,14629,22769,14948,4270,30992,33140,5216,13481,26676,89982,28370,17181,40374,705677,628145,464281,266835,77532
AZ-01,102195,156478,71184,695033,459864,445194,14670,197,445194,2793,30448,27423,10385,47276,22518,7135,55495,77365,94546,42491,17201,10118,815093,760182,603533,269869,54911
AZ-02,70376,91701,36805,709043,377715,355859,21856,1158,355859,7485,31600,22741,4285,40442,18661,6372,21591,31801,87155,43080,16702,23944,839933,738387,487679,381695,101546
AZ-03,70539,87678,29704,648185,446941,421969,24972,743,421969,1169,53483,30096,7691,43220,34917,5610,29599,53779,78260,47948,22479,13718,824837,658087,387222,322837,166750
AZ-04,82539,107582,44996,663589,451089,431312,19777,431,431312,1314,31949,42409,9279,49752,21730,8267,38098,54454,97968,43669,17681,14742,789572,708399,551112,240904,81173
AZ-05,112116,138909,49305,702386,456154,439413,16741,1012,439413,1855,28709,43744,8253,48576,23211,8220,45886,62890,94125,39121,18462,16361,899940,833516,699300,229821,66424
AZ-06,80251,106784,45905,698271,379060,364944,14116,8849,364944,10951,23010,26507,4418,39643,15015,5074,23040,48450,92014,36500,16321,24001,812528,757538,554859,355879,54990
AZ-07,60932,79123,29464,656725,382401,361649,20752,2416,361649,8868,32716,29131,5210,44544,21168,3821,15920,36351,85254,38285,19663,20718,791833,692609,433466,333883,99224
AZ-08,85593,114453,46341,677337,409593,393115,16478,1203,393115,1686,32347,25193,9916,48219,23705,6603,41610,47551,87453,35948,17774,15110,808747,739707,547696,308211,69040
AR-09,80463,102670,39733,743237,416067,392970,23097,7847,392970,4664,33744,26142,8877,51986,27041,5355,31060,37320,88855,37099,15511,25316,890877,817555,592198,366119,73322
AR-01,52325,74175,30377,606643,333067,315353,17714,1972,315353,11874,22896,44536,6731,36604,20447,3755,14551,17252,83082,22843,16273,14509,732415,666378,400867,358627,66037
AR-02,67021,87736,37388,624831,381407,367662,13745,3088,367662,3020,23743,29825,9384,44384,22716,4088,27229,35312,91730,28453,21748,26030,762422,692833,494411,307237,69589
AR-03,75345,104937,40739,645719,413570,402310,11260,960,402310,2971,31803,50592,14222,62490,21420,6296,23158,40884,84571,34465,19507,9931,809819,722788,536033,270143,87031
AR-04,54533,73945,30136,600012,326736,313915,12821,375,313915,9852,22469,51888,5030,37113,19129,2789,11608,22488,78168,23090,15873,14418,728137,665879,411376,357257,62258
CA-01,69829,92162,35934,609768,353608,331617,21991,2301,331617,18380,25985,22589,3717,37539,15913,3435,15053,29318,83114,36901,18586,21087,746551,703320,434145,387489,43231
CA-02,97004,152873,62419,631689,371620,351661,19959,1397,351661,12002,25519,21429,4641,36995,11635,6916,25012,53573,84708,29998,21324,17909,742073,710860,496600,342050,31213
CA-03,107122,141038,55553,659799,399642,380673,18969,1611,380673,4266,29953,20910,5297,38248,16814,7039,29946,51590,85621,37371,20051,33567,797157,765468,605848,294944,31689
CA-04,98067,136121,51090,634340,380383,355513,24870,4660,355513,12165,26959,29919,5764,35280,14817,5553,17262,43099,90309,33277,19642,21467,746488,714411,521170,304451,32077
CA-05,94859,125723,48021,633642,367228,346979,20249,850,346979,7776,24630,29581,7902,37001,20651,4508,17737,40552,86368,31336,15461,23476,761561,734209,543941,312933,27352
CA-06,87640,110649,41945,601960,388077,359824,28253,1031,359824,2320,27156,17799,5996,37217,29855,5436,20266,43006,86787,30781,16044,37161,757919,722987,474440,337962,34932
CA-07,96869,121250,43594,619433,398981,376669,22312,1765,376669,5035,23983,19309,6896,32237,24848,3945,16697,48566,94146,36200,18836,45971,757924,720349,501110,313152,37575
CA-08,95876,123938,44699,613259,386763,354326,32437,3013,354326,2499,28268,25852,6574,39444,22038,4785,17100,51831,84363,31835,19923,19814,742478,699233,482415,320920,43245
CA-09,92036,116136,37387,617155,378166,347852,30314,1249,347852,14969,28194,29780,9109,43683,29663,3708,14940,44753,71078,27936,12350,17689,776968,722304,475718,324475,54664
CA-10,151546,206046,75085,621078,396115,371245,24870,2038,371245,1167,22464,25225,3961,34979,16064,15265,31904,79688,80739,24507,18553,16729,768395,744035,621588,223338,24360
CA-11,142524,206356,98128,643473,455284,429170,26114,672,429170,1229,12830,21497,4962,31508,15822,23056,36293,127627,84924,37408,17378,14636,726631,705548,554949,216639,21083
CA-12,111408,157827,65370,641495,429744,405847,23897,1236,405847,2843,19739,26270,6903,27897,19503,20002,21246,81057,97272,40820,23990,18305,751702,717606,530617,260630,34096
CA-13,68434,89797,27303,591323,363477,329456,34021,331,329456,41853,26539,26228,7412,34434,26469,2151,7980,30536,73522,26737,12330,13265,776461,720488,384384,409974,55973
CA-14,137402,180447,62731,598369,401853,383488,18365,291,383488,1271,21464,42292,8906,31677,20682,12074,20215,81320,82161,29996,16872,14558,724977,699677,545564,220874,25300
CA-15,151494,210859,76084,608619,413616,395536,18080,153,395536,1234,21023,27236,6120,32316,24082,17674,23637,88226,84743,36119,17290,15836,719784,692865,540953,236814,26919
CA-16,181659,264350,98259,623621,406864,389073,17791,553,389073,1871,15974,50284,4358,25042,11256,27572,18078,96242,92603,23408,13517,8868,748098,727704,606577,201779,20394
CA-17,181913,234850,88446,638438,450856,427180,23676,93,427180,439,15669,73256,6282,32215,16466,30577,14864,117304,71565,27996,11873,8674,759117,735878,603709,190888,23239
CA-18,103010,137691,41253,602733,396133,375146,20987,1471,375146,33206,30562,37877,8141,37322,17436,6373,12605,53154,73418,29788,18535,16729,754204,696971,425149,334945,57233
CA-19,124559,171241,63775,625261,379637,360005,19632,3967,360005,6779,22909,37169,4274,30323,12167,7933,14522,61387,92956,38041,15251,16294,734266,708328,547676,262295,25938
CA-20,90892,110088,38556,628406,389716,361248,28468,7055,361248,14911,24594,21243,7603,35330,23280,4713,13819,32646,107187,29525,14116,32281,804195,769432,547172,324296,34763
CA-21,66399,87648,27064,578114,364001,327476,36525,638,327476,32325,21092,25479,7658,33122,22422,3634,10895,27691,81863,32692,12464,16139,768024,711776,357301,435048,56248
CA-22,60072,77580,22730,579027,336001,299869,36132,2268,299869,52454,22371,15217,4827,32583,26207,1805,6126,21601,63488,22790,15830,14570,740498,669906,268447,450302,70592
CA-23,77137,96491,33234,595219,332218,306478,25740,12695,306478,4688,22120,17579,6625,33180,30882,5131,10631,28688,83608,29549,12669,21128,734873,682224,385726,372978,52649
CA-24,98127,136053,49079,625961,374014,353212,20802,3591,353212,20505,18647,25839,5881,32608,14432,5430,15422,43462,93672,41366,18934,17014,742358,692966,486468,316289,49392
CA-25,69516,91359,30004,623921,353487,331622,21865,583,331622,17336,27840,18223,6583,42549,23704,2689,10451,33957,71452,42489,17205,17144,777520,721001,350371,441550,56519
CA-26,120711,155500,52602,611895,397888,375555,22333,2674,375555,19604,18730,39365,6135,36557,12872,9410,23362,48066,89562,35909,15699,20284,747640,704437,515243,280007,43203
CA-27,103643,133615,42089,583202,369697,343909,25788,513,343909,2911,21971,32599,5186,34733,22269,12449,18466,36896,87508,31226,17765,19930,742398,699982,477851,293611,42416
CA-28,111299,156357,56809,628512,407453,389453,18000,59,389453,1455,17734,25529,11629,31911,20608,14072,28653,56236,98741,43107,21725,18053,746351,719835,521261,267653,26516
CA-29,76888,99033,33220,597591,408684,380857,27827,205,380857,2206,36811,28915,6740,40244,23422,16846,16088,48107,77549,46982,25619,11328,720451,656459,338164,361984,63992
CA-30,89846,131463,62066,649642,460212,426888,33324,150,426888,1705,16194,18125,6808,33715,14725,43626,29749,83403,85995,58189,24655,9999,736852,688891,479555,267010,47961
CA-31,90291,114142,36188,595455,374004,355520,18484,294,355520,3296,25613,33527,13372,36862,25303,5710,17037,37278,85753,36886,17774,17109,720799,667638,404886,317460,53161
CA-32,108176,171607,68643,639385,427590,401862,25728,742,401862,1130,22369,24042,8424,32476,15390,29598,33743,70035,96457,41048,17577,9573,759219,719706,522042,272038,39513
CA-33,90288,113144,33159,602984,384443,366334,18109,67,366334,2880,29293,29924,9461,45974,45524,4328,13926,37311,79525,31225,20493,16470,778592,720311,419916,352920,58281
CA-34,63879,91652,34562,639797,420361,391357,29004,56,391357,1887,27836,28202,10128,37232,24320,17493,14759,51236,74867,63686,28495,11216,744400,651978,317756,371335,92422
CA-35,94230,113329,34063,612078,400577,377425,23152,1192,377425,3566,27463,36127,11857,44629,41181,3993,18319,43641,77990,35008,14303,19348,754764,692647,436982,306543,62117
CA-36,131181,193088,84641,640580,429179,404777,24402,1286,404777,623,11820,30196,7636,27513,13703,33667,34404,89920,91989,40150,14035,9121,750173,725188,590596,215401,24985
CA-37,69595,107561,38382,606571,391525,363148,28377,62,363148,761,25967,24951,8435,33407,21689,18317,14699,57459,80982,41964,23814,10703,741890,670370,339383,375637,71520
CA-38,101415,125979,39903,590821,371347,354904,16443,56,354904,1988,22698,30681,11586,33305,30893,6653,17345,34251,94582,38345,14486,18091,719780,677898,450559,285959,41882
CA-39,91174,108810,32151,622222,407922,381570,26352,543,381570,3927,38169,30594,9054,49829,38607,3009,15884,40599,86361,33283,15561,16693,777638,706715,423476,337659,70923
CA-40,134956,171780,62469,613318,397357,381033,16324,655,381033,2283,15903,42182,10362,37831,13673,8125,35106,62654,91478,31312,17113,13011,741807,711427,556383,233451,30380
CA-41,101842,134578,46948,666999,392086,371574,20512,2577,371574,3586,34782,28130,7555,39295,23626,4835,23909,43678,84119,40139,16634,21286,815542,766925,528517,338308,48617
CA-42,81927,105539,36737,590582,389139,367875,21264,440,367875,2787,25055,36927,11435,37597,29997,5354,14602,43620,86605,42265,16666,14965,718385,657162,369696,331106,61223
CA-43,75336,97737,32568,576421,376175,349026,27149,228,349026,2647,24138,33672,9498,37404,33939,6612,13954,39071,73156,39378,20844,14713,717109,658147,346064,367679,58962
CA-44,90834,114361,36957,602405,385003,362316,22687,923,362316,1185,25111,37378,8413,34301,36720,6272,13924,41320,88534,33132,20836,15190,736702,676692,389901,338000,60010
CA-45,105531,134094,43924,614591,385785,368613,17172,370,368613,2791,22431,45749,9713,35736,16425,6195,22211,41629,89220,40662,23486,12365,738900,701003,455404,306037,37897
CA-46,90685,110472,33131,616538,416459,398361,18098,503,398361,5182,34826,45127,9090,47879,19678,5080,21748,47503,76403,48195,25981,11669,757746,683834,371808,352729,73912
CA-47,127773,175621,69507,632464,418228,400774,17454,151,400774,1498,16921,45728,9710,37400,14651,8058,42880,76570,88058,34441,13738,11121,755053,724324,557740,239670,30729
CA-48,114972,143569,48933,606498,381315,364153,17162,5943,364153,5153,36634,32149,5692,34411,20079,6139,18196,51131,83282,36940,16107,18240,757576,717596,523135,275625,39980
CA-49,121511,169830,64830,621673,387996,373071,14925,26266,373071,4911,19467,30015,8183,39477,14319,9644,26115,73561,74595,39183,19749,13852,719494,685809,508951,258709,33685
CA-50,121243,166357,70405,644953,418588,396707,21881,13090,396707,1007,15549,37332,6558,31519,14306,9015,28606,93163,91627,37761,13659,16605,741601,705814,556518,232492,35787
CA-51,113978,143268,53887,629573,414892,391678,23214,13550,391678,1863,19080,36425,5002,33297,20158,7382,24504,71949,96872,39374,16693,19079,748332,714976,537696,257108,33356
CA-52,85163,110467,35849,606891,372992,350795,22197,20852,350795,1868,30659,29029,6632,36470,18893,3606,16239,42346,80065,42860,18683,23445,729484,669126,416134,322877,60358
CO-01,93102,138396,65881,620937,458099,438570,19529,949,438570,3547,29729,22224,9064,33803,20250,16420,36769,96432,95932,35936,21975,16489,728698,660875,491555,220324,67823
CO-02,100659,141224,62291,622079,422928,405788,17140,83,405788,5729,21643,32832,4823,37837,12151,10173,23427,74516,94776,50192,21375,16314,724670,684934,569009,200513,39736
CO-03,71165,95006,40997,619180,374881,358469,16412,206,358469,14422,31865,17844,5047,40398,18102,5468,17473,38606,90378,36020,17954,24892,733429,670998,455888,318883,62431
CO-04,120070,154539,59045,632006,431301,417145,14156,1046,417145,12612,30912,32615,9304,36737,21620,13783,36474,66435,86642,28770,18302,22939,779439,733850,597616,216396,45589
CO-05,91125,117950,47391,598015,372169,353097,19072,35480,353097,1666,27476,19996,5136,34914,19841,5875,23550,52472,86391,32555,22036,21189,705512,648798,499811,252328,56714
CO-06,103252,136698,54622,591480,421239,399000,22239,4100,399000,3724,33257,21084,8086,39050,28322,9481,32698,64365,90342,33259,16976,18356,721767,645256,501134,217642,76511
CO-07,104378,143596,62132,616727,412322,397220,15102,751,397220,4592,29892,31728,7265,33849,18468,10071,25739,71611,84720,38568,19553,21164,712943,669896,528820,216548,43047
CO-08,100033,121459,44231,601533,431329,412799,18530,1166,412799,7862,44312,34717,10821,49001,27602,7212,18389,51193,83524,34124,20633,23409,752465,680594,502950,243440,71871
CT-01,85466,113841,47069,609338,406916,386465,20451,825,386465,1173,19727,39751,6961,40549,21577,5958,34774,42966,105401,31264,19073,17291,726974,686402,471276,293563,40572
CT-02,98155,128705,52821,615250,391936,377368,14568,6020,377368,2874,21965,50572,4051,41408,17283,5411,28490,39622,99635,36209,14789,15059,714367,683318,518785,260332,31049
CT-03,91435,123795,50662,622857,410340,385813,24527,308,385813,224,22926,37959,6589,43410,19736,7133,22429,42554,126419,26112,17396,12926,735953,699267,488611,292572,36686
CT-04,122642,209310,78192,591478,400320,378739,21581,119,378739,1092,25349,27353,7075,32234,13350,11751,46591,66296,89650,28129,20812,9057,735470,674765,506325,240678,60705
CT-05,92097,127500,52071,603337,393059,375093,17966,1277,375093,944,23745,45391,7214,41227,20105,8087,22578,45280,101500,26599,19027,13396,718207,675493,471314,292225,42714
DE-00,87534,114291,45438,863403,535706,508349,27357,4829,508349,4528,34167,38421,11315,52367,27289,5707,47334,59980,138635,45601,19237,23768,1037354,965746,723573,413752,71608
FL-01,77014,106482,42149,663687,390443,370164,20279,26627,370164,2570,33201,18701,4179,44228,21308,3733,31647,45551,78140,45142,17447,24317,776532,692237,523210,291152,84295
FL-02,66684,89319,36295,678228,397657,374356,23301,3062,374356,4423,29870,12635,3966,42889,19341,3890,22491,44069,86264,42016,16576,45926,776712,694219,515773,291378,82493
FL-03,63348,85482,34515,707837,384287,364912,19375,848,364912,6162,30358,15569,5968,43596,18410,5292,19724,35363,107799,33322,15652,27697,811338,737047,532151,321627,74291
FL-04,76209,96168,37978,677385,420260,394477,25783,11119,394477,1821,33438,22814,7120,46181,36251,3791,34767,46977,82143,38410,19587,21177,823795,754051,559737,309024,69744
FL-05,90333,127276,52321,692162,458514,444226,14288,6008,444226,865,30159,25166,11363,52830,23045,7265,53957,64844,99819,41335,19491,14087,841800,775011,642269,231474,66789
FL-06,65999,90461,39124,709486,365783,349943,15840,848,349943,5803,31945,22210,8015,48079,18340,4544,27731,40936,74773,33438,19195,14934,823656,732284,491941,384679,91372
FL-07,82897,108599,43921,673339,421472,404381,17091,1763,404381,588,29958,24110,5507,46058,21928,10807,36773,60680,89291,42443,19781,16457,807381,731876,560355,267675,75505
FL-08,78386,106300,45170,707716,386014,367830,18184,2349,367830,1426,25567,39959,3947,43481,20802,6534,22183,51291,81475,33325,17092,20748,822750,740508,549405,334785,82242
FL-09,81134,99606,35202,729707,497033,470158,26875,816,470158,2151,32879,19528,7579,57752,39381,6364,30480,60219,93987,84682,18446,16710,905953,803254,607741,264490,102699
FL-10,72256,100642,39187,663921,454963,430934,24029,481,430934,1230,29165,25633,6883,47149,30795,6728,26214,62090,88137,73867,20107,12936,792255,690022,527568,217362,102233
FL-11,87147,118808,47262,750703,414957,396528,18429,708,396528,5272,35175,17049,6980,42673,15197,7059,27083,59150,78874,70577,17852,13587,879735,809146,625665,311952,70589
FL-12,68503,91665,37413,729880,389235,371618,17617,1455,371618,1649,29541,18967,7147,49469,21914,5894,33076,51412,86523,29649,19919,16458,862162,781757,545800,362718,80405
FL-13,75904,103940,47875,667785,389995,373993,16002,429,373993,890,24779,28846,7101,42799,18254,6177,38860,54527,77455,39864,19752,14689,752351,682698,498965,303180,69653
FL-14,81076,120866,52274,687214,469439,448595,20844,4372,448595,1806,29843,29850,9485,45504,24848,6408,52742,76733,93916,43612,20486,13362,817774,738976,559192,247061,78798
FL-15,72384,101637,39615,684437,436481,415538,20943,1068,415538,5660,35293,20413,9515,50906,22982,8096,40192,52134,97562,37500,21009,14276,828373,739062,556161,272265,89311
FL-16,88995,117851,47436,723389,435364,418435,16929,2072,418435,6375,34339,25121,10656,47202,24452,6024,37709,66415,82440,39169,19759,18774,875980,776191,581689,319692,99789
FL-17,79214,111924,49455,758524,381061,368469,12592,148,368469,1501,37167,17427,5290,53247,16807,5092,30075,52023,75050,41251,19111,14428,867377,769213,552102,395982,98164
FL-18,64757,83882,32059,715097,400177,378924,21253,656,378924,13386,36090,22881,7765,51519,23687,4195,23153,42615,73898,42669,17595,19471,860582,736434,502195,335650,124148
FL-19,88378,133325,58180,722460,377368,364819,12549,335,364819,1065,44411,13978,6466,42250,19069,4117,34390,53812,70784,43341,16346,14790,819121,729949,532658,363121,89172
FL-20,70263,87710,32811,659030,438356,414011,24345,219,414011,2206,32923,17782,8627,49980,29207,6153,26425,55988,93811,48624,21392,20893,810173,699760,469650,285672,110413
FL-21,86626,120315,50232,726747,410752,392214,18538,1030,392214,1924,31217,23905,7182,45493,24517,4195,27131,66000,80294,42590,23594,14172,851357,761638,558930,331474,89719
FL-22,83106,120454,49114,671277,407972,384699,23273,441,384699,2393,36519,14095,5960,43611,22765,6617,33140,69986,79636,39833,17951,12193,798080,678548,468586,306794,119532
FL-23,90649,136506,57758,679788,426408,411260,15148,901,411260,478,32684,21663,11739,45433,24241,8253,40750,71498,75221,42046,24363,12891,794052,718926,557778,255463,75126
FL-24,72293,108504,40271,676456,451521,422546,28975,1974,422546,1859,31088,16609,10022,46245,37497,8185,35040,60969,88334,54618,19746,12334,823775,701917,483702,264593,121858
FL-25,87097,127784,47113,652303,436648,416952,19696,598,416952,919,25421,23172,11254,51395,30159,7376,35713,66268,79933,43838,21699,19805,804129,718092,560660,210299,86037
FL-26,75619,103100,36884,712452,441505,425166,16339,483,425166,3633,47240,25241,12498,45772,37238,5482,26940,57586,83463,42602,25337,12134,843521,736839,515534,279960,106682
FL-27,82215,137571,54302,663526,440227,426974,13253,238,426974,1578,32422,15695,8829,41485,36234,11567,41517,69391,88663,45069,21338,13186,784676,708708,526619,226532,75968
FL-28,83629,108791,36222,647838,413794,400858,12936,1387,400858,9066,40274,13567,9378,40151,37021,5135,28175,51460,91787,33968,22873,18003,783075,690320,462456,267101,92755
GE-01,72484,94772,37838,648139,391300,367987,23313,17441,367987,3517,25033,34561,7156,45330,26356,3743,18889,39234,82137,39091,17693,25247,776165,681279,505573,280911,94886
GE-02,51802,71780,29673,607076,331835,308486,23349,13147,308486,9184,17301,30839,5380,34762,21781,5165,18905,27595,75034,25998,13830,22712,723387,634271,406870,328422,89116
GE-03,83442,106225,40084,640906,395709,377533,18176,1663,377533,1898,30476,46187,6189,39556,34942,7090,17947,40571,80883,35510,17885,18399,791395,709642,550839,252105,81753
GE-04,71524,102948,40076,606499,421340,399862,21478,40,399862,873,31404,26573,7510,45277,34754,10624,26664,65182,76800,40314,18863,15024,756871,619128,455365,233294,137743
GE-05,80567,118663,52537,637716,447084,422229,24855,319,422229,900,19392,23842,6530,38384,34346,17214,29993,84607,89230,41652,17533,18606,763044,680282,534738,210072,82762
GE-06,90929,133097,54832,647293,458303,436839,21464,1306,436839,511,28323,27104,8614,44435,42794,12858,34619,74621,90881,34006,17048,21025,798558,694376,552007,219076,104182
GE-07,135546,177919,64991,644260,441519,428686,12833,740,428686,2450,28452,30942,10078,43359,15512,14379,43859,97304,80004,35097,15396,11854,812481,754145,662819,163237,58336
GE-08,61302,84346,32113,623105,353920,341242,12678,7286,341242,8135,20107,37693,5882,42992,24183,4186,17253,25427,82950,27987,16090,28357,758794,653739,460393,287441,105055
GE-09,84963,111045,40288,667040,419205,403978,15227,617,403978,6109,36424,48365,10818,49909,24912,6994,23057,48266,77255,35771,21260,14838,821601,714796,553319,261682,106805
GE-10,79167,99668,37967,671949,429725,411481,18244,890,411481,4156,32385,45555,6630,51692,28334,5753,20939,43532,95736,36592,21236,18941,824921,736716,573700,253380,88205
GE-11,98527,130129,49716,660877,439904,423915,15989,656,423915,2424,38794,44192,10550,45005,22207,10272,30591,67235,80074,39589,21103,11879,805302,715859,590894,206918,89443
GE-12,62739,84769,33059,631140,364144,342480,21664,8971,342480,4979,25778,37039,6038,44973,23175,5149,15907,32701,81287,30743,15202,19509,754684,674750,479525,300737,79934
GE-13,84937,105723,36507,644597,431148,407106,24042,371,407106,616,25599,30070,8214,45865,44375,8693,22843,55718,91186,31276,21407,21244,815281,710584,539306,263445,104697
GE-14,78969,100660,37343,641809,407493,391735,15758,1039,391735,1691,31711,64480,7874,45105,25523,5501,20343,41507,85746,28587,19506,14161,786355,695049,524300,248990,91306
HI-01,102713,135490,49423,598439,365835,354889,10946,27666,354889,870,24243,11962,6340,35014,25712,4327,24883,37022,88016,46916,15419,34165,685172,665432,537581,253277,19740
HI-02,97135,127954,44033,586047,344325,331287,13038,21447,331287,5580,30640,8623,5437,34945,17971,3681,21117,36626,67736,57111,15962,25858,701716,673530,496892,302740,28186
ID-01,82979,104950,39882,822231,503370,484219,19151,1363,484219,15837,48162,43856,12666,61027,21752,7481,25366,52561,107982,40016,22808,24705,1019483,918554,707780,346480,100929
ID-02,79009,103133,39858,771563,499270,481025,18245,3848,481025,20637,36966,44736,10194,52916,24337,5919,26508,59160,114180,41728,20407,23337,955243,874620,670603,319570,80623
IL-01,69490,99527,40244,593322,370536,339672,30864,90,339672,889,18438,24917,5975,35744,35864,4198,20546,38040,93579,28346,15863,17273,730507,680881,465422,293588,49626
IL-02,63599,82632,34461,586324,365759,330565,35194,326,330565,4346,13840,31897,7254,32252,39485,5601,18594,29145,90322,23796,14947,19086,721550,667579,431130,322517,53971
IL-03,87098,121553,45285,594606,410525,386068,24457,75,386068,1095,23133,44423,9749,38599,26259,7394,24872,57410,78207,43807,18386,12734,728493,649108,467956,235042,79385
IL-04,80103,112073,36783,580693,369517,350374,19143,347,350374,910,21147,46922,11199,35068,31265,4882,19587,46916,68644,35953,17123,10758,700865,605699,387446,272401,95166
IL-05,111545,161984,74243,644748,475495,458605,16890,0,458605,1022,16729,36870,9895,37036,22945,13644,54223,97659,98128,34633,21539,14282,768152,732699,624377,178892,35453
IL-06,96658,130603,52111,614993,392211,374686,17525,131,374686,554,24022,31766,9313,37587,32940,6818,30427,47205,88861,29085,22022,14086,758996,712393,561829,240288,46603
IL-07,90223,130291,58777,636109,445316,413671,31645,552,413671,965,13353,31499,7908,31480,29978,8036,43913,80650,94083,39368,18148,14290,756546,694200,481051,267131,62346
IL-08,96230,119449,45435,612521,426950,412625,14325,193,412625,904,25791,54517,12165,40153,33499,8520,30739,57213,84525,35802,19251,9546,748644,687453,529303,225336,61191
IL-09,90111,135383,58140,616188,411246,391550,19696,489,391550,903,13919,35157,7780,34505,23382,8883,33057,63310,103667,32952,23281,10754,729460,673169,524251,223144,56291
IL-10,103955,157154,58808,604365,390291,369462,20829,11870,369462,1060,17838,57360,12625,42420,19880,5253,27696,54479,73196,30175,17131,10349,730772,685443,533818,233678,45329
IL-11,108620,140893,53367,623362,428285,411272,17013,146,411272,2024,20900,48527,10300,45674,25462,7927,31915,62305,90947,32630,20283,12378,761856,719483,590343,211547,42373
IL-12,70903,90459,37542,605774,358568,343396,15172,4103,343396,16193,23143,46398,7104,35317,18990,3396,18150,25207,87200,24402,14696,23200,721083,684642,495889,305713,36441
IL-13,64968,85254,37975,610217,379053,362329,16724,1863,362329,4271,17731,33210,6030,34804,25075,4609,20544,35338,106767,34201,14980,24769,731884,693536,508399,280031,38348
IL-14,98492,118362,43514,619922,428275,406029,22246,375,406029,4256,23227,47874,11117,52124,34728,5688,25181,46093,86768,36009,18860,14104,758719,714079,569638,220699,44640
IL-15,74855,96307,41259,609039,363689,351584,12105,264,351584,15792,22652,42537,7074,36996,20399,3147,22038,23590,94590,26108,16888,19773,720225,684167,513275,287488,36058
IL-16,85435,106110,43847,602668,375265,361800,13465,479,361800,9389,22928,58427,8262,36800,21618,3802,27601,31455,82669,25512,18350,14987,744588,712736,564157,261070,31852
IL-17,60530,78413,33796,607763,371060,351632,19428,742,351632,5606,19777,54780,7270,38998,19850,4723,21271,30363,85231,32806,15912,15045,725166,679341,460814,311129,45825
IN-01,75199,99035,39577,614547,374397,354472,19925,511,354472,1488,24340,55440,6956,36226,28049,3737,18794,33371,83074,32373,17454,13170,748389,697858,501214,297002,50531
IN-02,66934,85852,34029,596875,374211,356948,17263,184,356948,4651,22401,90420,6286,33183,18874,3549,11480,27666,84992,28190,14757,10499,742164,671652,477154,278790,70512
IN-03,71542,93667,37672,608030,399454,384066,15388,48,384066,6343,26332,91143,8076,40704,22069,4735,17732,31399,81271,27685,18978,7599,767535,689577,492358,280110,77958
IN-04,78399,100891,39954,633917,405621,391479,14142,578,391479,7393,26181,71024,7065,37101,29729,5021,14748,38801,94174,30013,15866,14363,774434,728645,565436,248961,45789
IN-05,80542,113280,45960,634636,411668,394767,16901,676,394767,2893,22242,56395,8895,41649,17131,4678,29426,45068,103036,33371,17173,12810,781238,741073,561814,273596,40165
IN-06,77374,97208,38963,617698,405987,393480,12507,776,393480,4264,27454,63318,7049,45368,29581,4976,20453,38340,87602,32521,18909,13645,766471,707402,521815,273226,59069
IN-07,64843,89719,37993,594345,411677,391001,20676,662,391001,1802,24130,42121,7340,44767,35179,4888,22377,51721,88059,32426,18282,17909,750018,675337,437496,311483,74681
IN-08,65297,87610,36557,614137,373700,358540,15160,341,358540,8656,26222,67949,6508,36617,22933,4373,16322,23352,85833,28725,16671,14379,743028,690608,494540,300736,52420
IN-09,70510,92270,38062,627857,394953,381426,13527,339,381426,4290,24834,64877,8933,41318,22650,4886,19431,30554,91834,36875,16252,14692,755561,713879,537932,272263,41682
IA-01,72200,96351,40596,651986,421736,408266,13470,426,408266,13371,24339,60801,7351,46223,21406,4764,22767,30141,112274,30326,18985,15518,791948,756814,571362,297895,35134
IA-02,75299,93814,40040,643678,426261,414580,11681,658,414580,16290,30512,71920,8463,47768,20593,6388,29289,30725,98874,25927,16182,11649,786789,745111,566875,292998,41678
IA-03,80284,104088,43693,661324,459931,443527,16404,655,443527,11135,31758,45744,8412,51115,22377,5791,53051,41827,101381,29819,20904,20213,828102,778140,590287,285148,49962
IA-04,73295,91411,37668,644831,421225,407760,13465,419,407760,22957,28593,65358,9700,47641,20178,5480,21092,25061,100063,30171,16930,14536,789113,741774,552962,295071,47339
KS-01,67677,89422,36714,589164,381709,368822,12887,8244,368822,26334,24471,40147,7651,33153,18572,5631,16168,26546,99230,32189,18433,20297,710183,644224,531029,212411,65959
KS-02,68050,87287,35797,581993,368047,353819,14228,9479,353819,7946,26141,45159,7062,38455,25820,4709,20279,28127,84975,23868,16553,24725,717860,651776,507203,253346,66084
KS-03,101317,136199,55268,604169,427212,413751,13461,299,413751,2434,25937,36719,12281,44179,23496,9651,35292,66782,99853,27144,16592,13391,748672,701054,600773,177054,47618
KS-04,70671,94664,38246,590427,377466,360972,16494,4296,360972,7080,23971,65828,6019,36528,21161,3892,17835,30093,89658,26798,18088,14021,730416,661961,506883,245620,68455
KY-01,57974,75837,31431,609786,346484,333252,13232,7336,333252,8212,24701,60483,4984,36589,20049,3787,14435,23601,77151,23612,17350,18298,738538,680819,447337,344598,57719
KY-02,68629,90768,36316,620689,370329,352382,17947,4688,352382,6646,25262,63263,5662,41831,25337,2989,15347,26872,82623,25692,15925,14933,762225,706790,495212,322903,55435
KY-03,68989,93703,40065,612541,401571,376884,24687,954,376884,2406,18720,48170,9962,37605,35444,6090,29904,38119,89406,33516,16532,11010,755302,704241,488375,311261,51061
KY-04,81874,109614,42915,620974,395556,377858,17698,248,377858,5194,29973,53347,6663,33678,29166,2895,27064,43263,86581,30483,14675,14876,764882,722267,538003,276984,42615
KY-05,46664,62108,25715,597353,286645,270703,15942,204,270703,7841,17920,32116,4173,31034,19930,2723,10612,16654,77099,18758,14053,17790,717559,670112,357866,409396,47447
KY-06,68419,94087,38725,630312,409386,391253,18133,572,391253,7541,21671,52642,7495,43726,19871,3703,18214,37216,107195,34849,19033,18097,769291,714805,516041,294996,54486
LA-01,79823,109659,44591,635576,407897,392135,15762,1386,392135,7314,39016,26893,10649,35564,22774,5563,22415,51664,99093,36385,16680,18125,792052,730113,519340,305450,61939
LA-02,58115,81375,34706,596139,361423,342067,19356,2108,342067,2728,27162,25147,4965,37258,22815,5557,13231,37408,86127,40105,18198,21366,722589,654539,380619,348109,68050
LA-03,59769,87602,35363,609402,367687,350390,17297,483,350390,23131,29504,30269,9732,38065,22114,3889,18019,35527,73424,36153,17881,12682,771060,709539,449503,349312,61521
LA-04,60858,84629,34376,611802,335391,319307,16084,9625,319307,12212,24641,25454,5876,37463,18732,4046,15644,30371,86030,23679,14307,20852,738850,691598,456191,343863,47252
LA-05,59583,84689,34098,612807,357425,340188,17237,148,340188,6728,32629,27830,7769,33128,24159,3050,20553,33324,84488,31604,13329,21597,740340,694533,443288,346327,45807
LA-06,50642,70711,28986,591466,346368,319997,26371,1080,319997,8900,22101,19169,5867,38322,20377,4211,15465,25530,94053,30151,16286,19565,740329,676853,379026,394025,63476
ME-01,90131,118628,52080,600745,386011,375446,10565,2118,375446,6283,28161,36207,6025,40016,14768,6341,27762,48644,98150,33315,17602,12172,698453,670042,519193,251467,28411
ME-02,67291,86662,38390,589777,347770,338353,9417,855,338353,9513,25756,27724,6403,46068,15040,3785,18978,29555,100533,24483,14044,16471,687904,639451,433163,314843,48453
MD-01,95306,119134,48264,649259,420300,403078,17222,2278,403078,4774,29970,27863,8477,36658,20251,4598,25511,50465,100021,33598,24169,36723,780873,749122,580563,299047,31751
MD-02,94537,127313,50904,632049,419018,401831,17187,1365,401831,1133,25561,23184,6443,37634,17289,4971,27179,57437,122057,26372,18722,33849,773999,738112,589532,273463,35887
MD-03,136641,167573,63715,632438,429369,414507,14862,12811,414507,1923,29162,23207,7037,37652,17068,6979,23861,81047,97178,27514,18770,43109,765199,728545,614770,233522,36654
MD-04,87647,112654,41866,611828,421871,398192,23679,2150,398192,80,41438,9792,3659,30924,28300,7278,17671,58046,91073,41202,22667,46062,757727,655664,462079,289479,102063
MD-05,128699,154399,56689,642744,432811,416483,16328,12213,416483,2574,29354,11404,5252,34471,23445,8815,18365,64636,90262,26954,21487,79464,783822,750655,640117,229948,33167
MD-06,105125,133318,50002,661044,442465,427014,15451,3468,427014,2657,30894,26484,5990,44026,19122,7957,21368,76728,95310,33714,22006,40758,804736,756386,592058,273834,48350
MD-07,66738,88083,39333,605834,401239,376356,24883,409,376356,931,17300,14439,5628,37873,26029,5348,19637,51466,111529,33145,17825,35206,734272,680785,447753,330712,53487
MD-08,146362,198170,74172,624189,430127,412109,18018,2352,412109,553,20728,12773,3501,31591,11275,11407,25393,98676,93920,33498,24831,43963,766942,717560,592766,228209,49382
MA-01,75462,98081,41190,649200,397889,382031,15858,406,382031,2162,24636,39624,5862,42127,24297,5367,22694,37077,114845,27973,17242,18125,773680,755238,522645,358308,18442
MA-02,97024,130991,51736,673171,446606,428273,18333,378,428273,2499,27069,42731,6461,44989,17280,6431,26975,55592,133541,31078,15970,17657,794489,777180,593794,290637,17309
MA-03,98501,128444,48899,639908,430082,409076,21006,484,409076,2763,29748,57223,7139,35703,17075,8503,20097,66644,100821,30934,18445,13981,780652,753056,514473,332912,27596
MA-04,115485,162222,63092,661825,449566,434302,15264,261,434302,1341,33690,36608,9508,46123,15399,7176,36109,64025,116624,32382,18704,16613,796382,772979,610875,267859,23403
MA-05,136612,187485,73022,658312,463878,446013,17865,1353,446013,1520,24662,34180,5715,32459,14955,8681,34040,95320,125443,36972,16713,15353,784036,762616,606830,241032,21420
MA-06,121409,163479,63098,656040,443897,427314,16583,259,427314,3109,25835,38953,8356,42861,16866,6738,31650,71263,114569,29813,17700,19601,790933,772461,605568,282122,18472
MA-07,98603,132111,53506,682952,474669,453963,20706,805,453963,987,18720,29954,5489,34060,19245,10115,29538,84168,140862,44327,19046,17452,785119,757469,530071,295953,27650
MA-08,118563,161718,67349,655919,466557,448434,18123,476,448434,673,22335,28601,7852,40569,18119,10174,46682,75632,131853,28935,18256,18753,778450,756478,599783,253150,21972
MA-09,101312,136299,58029,676494,421243,402384,18859,1625,402384,2610,33662,24380,6333,46615,17945,6108,29463,54300,104078,35176,19882,21832,787081,764756,586321,324358,22325
MI-01,64299,85557,38584,670517,368051,356328,11723,1377,356328,8627,30054,40555,5480,46115,17297,4627,17361,28520,83335,38458,17923,17976,771935,728060,525591,365098,43875
MI-02,66726,88085,35196,649302,370769,355647,15122,531,355647,9672,26849,64847,6475,41068,15673,4407,14618,25693,82793,32650,16416,14486,773421,727163,527102,329819,46258
MI-03,77215,105356,41994,639228,431037,412479,18558,546,412479,3278,19301,71137,11124,43101,18287,6113,22035,45574,101798,39095,20404,11232,782111,741112,557148,274766,40999
MI-04,73702,99177,40001,633907,404031,390359,13672,371,390359,4841,22051,81776,6446,47847,15754,3134,19155,35449,86974,37033,18083,11816,779395,740971,564536,278024,38424
MI-05,70684,90018,37093,633758,375845,360208,15637,198,360208,7564,26673,79138,5326,38440,17775,2983,15278,27880,81005,27765,17013,13368,760031,715321,530212,313241,44710
MI-06,96954,129279,53669,639646,407032,391133,15899,219,391133,1330,14685,67797,5771,31558,17192,5616,19483,49815,119786,33540,13345,11215,762226,737711,608428,231907,24515
MI-07,80268,105635,43592,656012,423958,408173,15785,785,408173,3462,22682,55670,6105,42981,18760,5622,26853,43158,105149,35370,19315,23046,786820,753795,615038,262603,33025
MI-08,64576,84637,36037,627600,375338,353302,22036,201,353302,3098,22250,57463,5590,41176,16073,4326,17347,34194,90381,31016,18467,11921,761817,722095,501381,356020,39722
MI-09,87017,112566,44867,637507,391809,379100,12709,389,379100,5032,31930,81064,5094,39626,14269,4344,20918,35081,78808,31919,15956,15059,776097,743560,591899,282314,32537
MI-10,74512,98934,41760,640919,407923,388294,19629,1113,388294,2040,19550,76781,7563,40188,20916,4898,24971,46464,79522,34159,17414,13828,769774,732943,540653,306953,36831
MI-11,92977,130401,56448,657259,443450,424910,18540,305,424910,772,21998,78184,7241,37903,13574,7151,33387,68612,90845,34466,18755,12022,782436,747540,606651,247032,34896
MI-12,57324,78096,32598,600465,352723,329624,23099,0,329624,757,13735,53540,5683,38636,23669,3923,18519,38922,77373,30416,14762,9689,748385,711097,419713,393440,37288
MI-13,50937,75109,30766,616264,357129,329644,27485,499,329644,991,20441,56981,5273,34051,23614,4283,16785,35475,72436,32301,17188,9825,778964,724284,407054,410146,54680
MN-01,78573,103124,43133,581320,389151,377611,11540,369,377611,15287,24328,48496,6992,43016,15964,5843,16531,25759,120157,26358,16254,12626,707480,670742,540463,246267,36738
MN-02,108162,133397,50851,591686,423762,409410,14352,372,409410,3256,25225,57132,9549,41914,22184,6110,33489,46741,95484,31611,21452,15263,741867,705742,579767,222967,36125
MN-03,106557,152044,62393,568886,395429,381533,13896,242,381533,1993,17136,52346,8342,43400,17637,5452,39889,57989,88665,23923,14009,10752,706041,674839,554878,210749,31202
MN-04,84731,113148,46759,566384,379701,363882,15819,331,363882,1396,14086,44711,5578,36464,17865,3772,30504,40411,107202,30461,16732,14700,701940,664734,485309,269423,37206
MN-05,80274,111875,50937,580267,417522,396908,20614,73,396908,2283,14412,40000,6173,43890,19534,6826,33327,61993,102029,36299,16388,13754,698702,654006,481469,240204,44696
MN-06,105084,128072,48302,596157,429430,415015,14415,691,415015,4473,36544,62101,8896,48421,22223,3805,28721,39299,100805,26117,17768,15842,748984,719747,587403,231936,29237
MN-07,74454,94863,39911,579350,374843,363472,11371,641,363472,24861,34045,52131,10690,39305,16871,3962,18134,23021,87225,21151,18912,13164,712276,673881,502487,293798,38395
MN-08,74635,96561,41313,599237,364505,348479,16026,896,348479,8244,32316,34520,4878,40295,16797,3452,17468,27345,96957,31311,15851,19045,715058,677829,509672,298625,37229
MS-01,60524,83095,33297,603390,363749,350099,13650,1225,350099,4611,23259,53862,4895,37176,29939,3510,18719,30622,88162,27131,16896,11317,745031,679486,499390,276198,65545
MS-02,47495,66891,27380,558898,309939,292275,17664,696,292275,7712,18449,34780,6164,34670,20147,1830,9143,26121,80689,25059,12003,15508,674628,601880,369780,322938,72748
MS-03,66380,87797,35450,591922,352622,337950,14672,1773,337950,7649,21854,39949,8403,36644,24375,3980,17485,27264,91337,25621,14370,19019,722494,661676,464511,282555,60818
MS-04,62159,84966,34500,607009,351354,333902,17452,9487,333902,6625,26054,33419,5382,38378,18921,3998,15830,29283,88550,40081,12316,15065,741625,660857,469755,292769,80768
MO-01,60692,91934,42593,608783,399512,380316,19196,588,380316,1329,15943,31129,6642,35213,21260,6562,29388,54048,108734,38971,17807,13290,734823,675160,466768,283777,59663
MO-02,101494,138480,57064,627292,413818,403726,10092,585,403726,2982,23655,42973,9500,42490,18085,6844,42608,55945,99121,31097,18490,9936,766474,739051,601003,219286,27423
MO-03,84323,105621,42544,653265,420192,408521,11671,998,408521,4505,31610,49567,8398,42714,21424,6205,29900,39798,99214,32674,18591,23921,786224,746156,601140,246279,40068
MO-04,68144,88278,35732,630866,376907,364725,12182,15839,364725,9213,29220,42087,6454,45233,20241,4544,23710,29337,91043,28490,18679,16474,760147,690529,498572,293451,69618
MO-05,67960,89987,39411,624861,417631,403852,13779,764,403852,1307,21427,38771,7854,38514,26952,6220,34310,54231,98981,38965,17133,19187,770617,693366,512646,254792,77251
MO-06,75637,94972,37760,630688,393043,382469,10574,1134,382469,12060,26385,49538,6484,46382,24037,4865,23002,31673,94673,27781,16438,19151,771871,712487,549744,261346,59384
MO-07,66064,87693,35848,647545,402999,388918,14081,744,388918,6524,30318,40033,8407,54385,21563,4257,22217,35659,97712,36743,20657,10443,794078,713517,494922,311147,80561
MO-08,59897,78776,31644,625896,361618,349651,11967,764,349651,11358,28408,44076,5226,39946,20205,3933,18225,26623,94623,24323,19166,13539,759318,698400,466891,333603,60918
MT-01,77017,105598,45279,485109,306081,298340,7741,175,298340,13527,31017,15298,5162,36047,12179,4530,14903,32728,69324,37008,13512,13105,573000,522319,384322,218195,50681
MT-02,73599,97492,41153,451829,283331,273610,9721,2908,273610,19056,21838,10564,5410,31257,16504,4161,14683,24035,61313,27278,13719,23792,548105,500684,363952,221906,47421
NE-01,77659,97791,39858,535315,364153,353043,11110,4762,353043,9687,26076,36255,5792,33604,19915,4804,26651,36798,87878,29415,17222,18946,661263,615623,496529,205207,45640
NE-02,84478,112634,44957,530699,373019,357815,15204,1739,357815,3563,26830,29260,7440,37391,17303,7340,38485,44241,92851,26742,16999,9370,675606,626691,499283,195597,48915
NE-03,69788,90529,38106,519000,344681,334210,10471,645,334210,33201,22102,39349,7246,35512,21961,3572,16259,21183,77807,23887,16303,15828,640340,595064,455705,229934,45276
NV-01,72138,99468,38534,644502,414232,386833,27399,1378,386833,1294,32527,16771,6039,43690,31641,5399,21245,45561,62373,89999,16176,14118,788567,680834,457876,307176,107733
NV-02,86806,120035,48498,661392,417282,394389,22893,2354,394389,14699,33946,31672,7843,41642,23307,3010,15719,51775,78040,51690,17957,23089,790846,712878,538961,274967,77968
NV-03,90358,119968,48487,700965,463112,438489,24623,2331,438489,1851,23697,16688,7770,44759,33531,8680,30387,61177,71382,107505,17938,13124,835908,748916,566348,267208,86992
NV-04,75889,96505,34638,655633,410746,378512,32234,8454,378512,4706,34380,14320,8307,37575,32084,5424,21213,46439,63690,72816,19561,17997,813326,719413,500824,316994,93913
NH-01,102258,130517,54191,600902,403963,393431,10532,757,393431,1675,29779,49032,7060,46642,15409,5809,25889,53135,93430,30849,19176,15546,701535,672974,544962,230812,28561
NH-02,97020,126666,51922,593388,387389,375949,11440,580,375949,3441,28118,51524,6655,39559,14475,6708,19640,46000,99381,27196,17236,16016,691324,657562,524599,230954,33762
NJ-01,94772,118336,45979,638405,427204,403094,24110,999,403094,1029,23487,28373,8220,53368,24612,7775,25607,53612,109050,30706,18424,18831,778650,741644,552833,284613,37006
NJ-02,84183,112545,43645,652852,402296,378223,24073,1835,378223,2100,28984,24052,7950,43454,22453,6190,22561,37522,95874,48112,15884,23087,780125,732169,535914,325231,47956
NJ-03,116950,150478,56795,654728,432259,409386,22873,4708,409386,974,24342,26851,12509,41828,24894,9008,32269,59631,102847,28003,17130,29100,780471,742069,624498,226353,38402
NJ-04,103769,138441,51881,619200,377001,360650,16351,529,360650,716,24110,19698,8956,46086,20231,8329,27766,49023,93517,27195,16310,18713,789511,754245,548655,328621,35266
NJ-05,130387,175294,65553,652152,431214,414142,17072,159,414142,1386,22238,30293,11310,40526,18963,13054,39464,68158,106834,27525,20968,13423,787168,743093,605115,226740,44075
NJ-06,104316,135280,49920,650522,443248,414568,28680,353,414568,731,21590,32933,11493,46484,33134,9895,35028,61813,100193,28839,17928,14507,780053,720027,551782,246162,60026
NJ-07,132702,179100,68972,645905,442110,422390,19720,0,422390,1959,23071,40978,10022,37370,21164,12323,42479,70136,103417,25256,19074,15141,784455,754304,649785,203687,30151
NJ-08,88096,133643,52670,635936,451672,426508,25164,817,426508,432,33313,31293,11432,36290,35294,12147,48113,70999,75415,39594,18132,14054,775619,644947,439004,248589,130672
NJ-09,87122,118076,42981,621004,417178,392712,24466,147,392712,301,24361,35877,10674,45735,32036,8891,26374,56811,87391,32211,20838,11212,769822,675368,444154,290620,94454
NJ-10,76594,103812,37948,645562,427612,392048,35564,53,392048,79,21151,22801,8759,39292,36821,8953,24951,51603,107518,33150,19347,17623,790886,688375,445951,303082,102511
NJ-11,141429,197826,72985,649564,445623,427914,17709,465,427914,812,20959,36547,12470,40090,16687,10975,44422,78429,100386,31612,17397,17128,794541,758751,655174,190381,35790
NJ-12,117099,156606,56062,644656,447932,425535,22397,812,425535,1056,23405,44012,11552,34847,26486,10970,38705,68848,103836,28063,17974,15781,802394,731425,582287,231616,70969
NM-01,77246,102265,44661,590864,359129,341941,17188,3464,341941,3622,24343,15008,4738,36460,16276,6604,20931,57759,86640,34333,13038,22189,703391,647897,423099,331012,55494
NM-02,60933,81454,31774,574814,322788,303312,19476,8551,303312,15636,28111,12764,4418,32892,17111,4632,14962,30719,70523,35647,14764,21133,691604,610294,331843,363557,81310
NM-03,66346,90436,37493,578256,326040,309607,16433,4034,309607,12742,22997,13959,3569,35184,19042,3793,11743,39145,79113,30750,15133,22437,696896,622411,344389,380170,74485
NY-01,130141,175007,62478,648909,401565,386062,15503,373,386062,3212,28063,20434,7529,34198,17087,9171,29237,54497,116691,26662,19555,19726,775933,743724,612936,256637,32209
NY-02,125071,147067,47636,630267,432381,414659,17722,439,414659,1505,31864,32994,10141,43161,23394,8348,26199,52692,121382,25646,17330,20003,774442,734894,557766,285939,39548
NY-03,138234,196298,69767,639453,395716,381192,14524,308,381192,980,19644,17302,11018,33182,22068,9035,35589,64098,112126,21678,19768,14704,770732,745445,587126,273193,25287
NY-04,137724,175882,57644,635666,413392,396117,17275,144,396117,874,25505,15740,6912,34756,26931,9051,31334,52472,132826,24743,15008,19965,772201,739548,600645,242556,32653
NY-05,82463,107983,36463,626863,378218,350488,27730,521,350488,346,22049,8230,3176,30046,35038,6175,20962,40984,119470,25479,17911,20622,761142,710876,428862,369253,50266
NY-06,82145,110160,41073,609185,370294,353962,16332,101,353962,807,22492,14275,9162,31999,25442,10602,25191,40322,95304,42711,22863,12792,721601,666430,393792,364899,55171
NY-07,92194,135169,53528,632471,446683,419679,27004,85,419679,774,19251,11418,7287,33461,22038,26547,34875,92240,93429,45734,20209,12416,776509,726306,436354,341425,50203
NY-08,63052,98851,39130,611775,356780,325550,31230,370,325550,737,14731,7414,3838,27254,26465,11321,20700,51922,106148,25853,17681,11486,734360,698706,385471,394084,35654
NY-09,76531,106250,40697,575027,377448,348852,28596,173,348852,54,16254,8095,5282,28960,29933,13934,19221,50731,117842,25608,17249,15689,707599,673248,374175,361483,34351
NY-10,119517,206172,87606,630862,434646,412245,22401,217,412245,310,13379,10146,5617,27560,10152,30570,55670,107604,83796,40335,16667,10439,753813,720190,485762,280980,33623
NY-11,90759,119870,42112,622667,381388,361634,19754,518,361634,0,24985,12589,5938,32782,25971,7834,28600,44764,111810,28608,15903,21850,754820,711979,464314,329607,42841
NY-12,153117,255930,138927,678103,488429,466476,21953,110,466476,297,6867,12140,7644,27360,10321,26311,95138,128147,88143,30580,19020,14508,748919,728089,620110,198437,20830
NY-13,52401,86733,37754,627684,387756,351454,36302,215,351454,398,15562,6910,4678,29298,20849,11964,21977,46760,117295,43430,21316,11017,742005,691145,349041,410724,50860
NY-14,64547,91117,34072,586290,370483,344085,26398,415,344085,56,28193,9265,6453,32181,24706,7975,20454,41439,87457,51601,21629,12676,731854,661241,361758,384539,70613
NY-15,44554,69070,26424,589464,343212,300600,42612,1022,300600,360,14305,9427,5009,28829,26439,4581,13242,36342,105282,30945,16291,9548,745985,697431,330631,487407,48554
NY-16,102025,174838,68221,634999,413138,391266,21872,722,391266,1086,20239,16298,6371,26491,19165,11572,40614,58459,123387,31759,18732,17093,767691,725983,531385,287614,41708
NY-17,123436,175133,59456,613511,387561,371264,16297,171,371264,1147,27057,18320,5349,33873,18239,9690,28492,50881,117708,26720,18016,15772,772601,740065,524089,318393,32536
NY-18,91635,121127,46357,642896,399349,378772,20577,2587,378772,3761,26006,22268,6866,45751,20463,10272,21440,44072,110323,29500,18406,19644,777912,743424,516478,332254,34488
NY-19,73323,98814,41562,660238,386958,369767,17191,251,369767,5043,24469,28880,5216,35553,16617,5460,18908,42160,116232,33249,15712,22268,762621,730888,513662,337895,31733
NY-20,85230,113713,49296,658644,420177,404546,15631,687,404546,2006,18642,29053,6987,38297,19017,7571,29499,57485,108094,31051,16423,40421,783819,756503,584013,289974,27316
NY-21,70323,91154,38898,641039,362182,348426,13756,7998,348426,7823,23364,32590,4986,40611,18229,5853,14418,30712,99476,26586,16937,26841,740389,699082,490242,340459,41307
NY-22,75553,100547,42500,631817,384296,368008,16288,1147,368008,3537,20065,31684,7653,41300,18855,4791,24604,37073,117928,28264,16383,15871,752665,725831,511064,325828,26834
NY-23,74552,96099,41074,634770,376687,360953,15734,689,360953,4837,24754,50004,6383,39992,16087,5257,18325,30043,102272,24883,17986,20130,763412,732645,523169,334327,30767
NY-24,72396,91690,39006,644577,384651,371899,12752,2082,371899,12394,25525,46509,5137,43859,18826,4701,16464,28080,97056,31076,20348,21924,756617,719662,501192,340521,36955
NY-25,76980,102601,43865,634546,401113,387528,13585,76,387528,1154,17258,36423,6353,35321,18138,6915,20352,53058,132467,30247,16679,13163,761604,738156,511797,327338,23448
NY-26,64666,87532,39064,628776,390080,371728,18352,453,371728,1925,16150,38419,6023,39403,21002,3814,28096,42089,108342,30562,18421,17482,755470,731510,490994,354842,23960
-01,58749,78015,32941,613664,355946,333135,22811,6941,333135,8368,23530,51331,5490,38245,22373,1689,17918,29772,74693,23950,15962,19814,732277,657497,433257,341358,74780
NC-02,93949,132338,57371,650992,461191,444280,16911,513,444280,1154,28188,39037,8468,40519,18405,12340,31811,93185,101881,28785,23010,17497,784286,730264,599941,216080,54022
NC-03,65164,88205,36950,627573,340036,323759,16277,46587,323759,6988,24431,28783,5624,42779,17348,4412,17328,28991,78802,30653,16028,21592,720825,657612,487295,295959,63213
NC-04,102410,137234,55793,651340,440138,425577,14561,850,425577,2116,20024,34034,4556,32098,15200,8845,33428,75624,135119,31862,18013,14658,798312,751053,640907,195105,47259
NC-05,59041,82848,34985,628978,370781,355204,15577,324,355204,5178,22590,51818,6481,48372,20621,4413,22000,33511,78452,32558,17467,11743,747258,692216,468441,322306,55042
NC-06,68414,89714,37328,642522,413419,400565,12854,471,400565,1297,26036,54796,9500,49106,23955,4048,28381,42241,88571,36312,23687,12635,787489,727075,505376,314770,60414
NC-07,71121,96369,41054,663094,376780,363368,13412,10758,363368,4093,27105,32767,7253,37607,20013,5910,22596,44975,84904,40100,19251,16794,786802,728559,524532,348911,58243
NC-08,81435,118625,44794,628828,396429,380519,15910,563,380519,4511,30241,43144,8735,39175,19312,6584,36790,42498,81869,32323,19864,15473,778494,720915,530914,279663,57579
NC-09,68360,90087,36253,630987,364206,349991,14215,29617,349991,4118,30800,42936,8197,39935,19270,2054,20065,32733,82727,29764,18955,18437,756634,687619,478291,322188,69015
NC-10,71999,104591,43169,641482,394549,382872,11677,727,382872,1633,23291,60133,8525,45272,23050,3963,24764,41539,86556,35221,17989,10936,781238,710187,510176,289985,71051
NC-11,67690,94362,40694,654297,368438,355702,12736,600,355702,4248,28439,33486,7463,42550,15986,3491,17683,42129,84142,40677,20658,14750,760925,684389,481094,334049,76536
NC-12,80180,116516,49555,643547,478469,457764,20705,905,457764,823,39033,28020,7447,41429,41223,8501,62790,72753,84381,42502,21326,7536,797500,690997,508840,240882,106503
NC-13,85183,111874,42278,664088,419865,402895,16970,4958,402895,3005,40491,41640,7699,43528,20074,6758,23398,58261,83720,29657,21809,22855,820690,756414,570523,299092,64276
NC-14,78324,111420,44498,640831,412304,393856,18448,670,393856,1781,26784,48773,8638,45110,24024,5477,37263,51670,78624,34076,20288,11348,785198,715238,532994,281629,69960
ND-00,77871,103487,45281,637108,427335,419172,8163,8535,419172,35552,29532,31181,11293,48184,23897,5410,22400,32625,106337,32792,18889,21080,777259,730141,616050,221960,47118
OH-01,82099,120717,51090,647228,433257,415231,18026,820,415231,1131,18413,54582,8983,44049,15258,4615,32743,62201,102683,42313,14960,13300,799298,749014,571881,259371,50284
OH-02,67801,88968,36371,641640,376464,362295,14169,618,362295,3479,30657,51808,7388,45974,23746,3383,18458,32722,87471,25521,16200,15488,773699,725100,489720,335895,48599
OH-03,72896,105825,45498,633883,437327,418045,19282,190,418045,1884,18165,24817,8271,46347,30129,6241,34992,56076,113340,40866,18824,18093,783569,710439,515456,258044,73130
OH-04,81278,108034,42699,649308,405592,392121,13471,412,392121,5416,24495,77098,7013,39366,18613,5231,26541,36892,88981,27151,18720,16604,789190,738546,569742,267146,50644
OH-05,73004,90010,37102,644944,404659,392017,12642,523,392017,7051,26609,81016,7045,39868,18356,5830,16457,33682,93314,29571,17482,15736,786815,744744,562011,290068,42071
OH-06,60716,78924,34151,640460,366428,351798,14630,233,351798,5895,22880,52687,6492,42161,20641,4468,15071,28726,94647,27849,15064,15217,757265,711982,486650,337517,45283
OH-07,84749,113416,47233,642508,416682,405201,11481,196,405201,3948,23928,64072,9270,41196,18445,5451,34243,43740,93433,32707,19433,15335,781635,734742,566443,265474,46893
OH-08,78375,101885,40132,635611,408634,392357,16277,1258,392357,3710,24367,63312,8051,45206,22128,5112,27808,36746,94670,33012,16600,11635,783320,734219,552782,281083,49101
OH-09,66802,89057,39024,629682,394176,376580,17596,167,376580,3525,20266,67873,6539,42090,23937,4517,17004,29555,93921,37437,17307,12609,767140,729975,512863,322435,37165
OH-10,69377,90759,39052,643365,402182,380222,21960,6979,380222,1567,18938,49335,4543,40870,21859,6182,19072,43456,97779,32662,18055,25904,775445,721854,504971,317031,53591
OH-11,56120,82120,38545,626348,400892,377643,23249,596,377643,302,14746,42373,6590,38085,24344,6122,31985,42863,105478,36566,16072,12117,750653,696513,420167,361346,54140
OH-12,78547,100655,38705,653820,405273,390525,14748,711,390525,6495,32320,48729,8615,42921,23034,5034,28969,33828,91965,32856,18948,16811,804083,734001,542521,290558,70082
OH-13,70528,93397,40493,639866,405826,390354,15472,557,390354,1097,23480,55396,8592,44433,23307,4749,20343,41379,103462,31341,19682,13093,776593,733614,515772,312656,42979
OH-14,73552,97853,41818,651704,405233,389605,15628,604,389605,3541,27849,66497,7737,42488,20003,2992,25206,35794,90785,34908,16852,14953,774298,724870,527456,296990,49428
OH-15,80864,102261,41642,654307,436111,421332,14779,745,421332,3153,27963,47507,8904,46459,26892,6650,31748,49573,99645,34203,19293,19342,811167,741931,538210,286507,69236
OK-01,71143,99295,40073,649705,424133,404972,19161,1414,404972,6176,30571,44283,8385,41440,29289,6687,27579,45731,94515,36419,19699,14198,819293,721885,523385,288824,97408
OK-02,56060,74992,29532,649290,350694,332908,17786,481,332908,13588,24116,35981,6142,38198,20153,3665,14800,24089,79861,31203,16578,24534,795163,686688,423712,369742,108475
OK-03,59917,79472,31263,628156,379929,360114,19815,4099,360114,23852,28994,32304,7434,44015,26810,4017,14808,28401,78187,31353,18398,21541,776877,678652,465431,312975,98225
OK-04,67377,87560,34831,660264,395682,378321,17361,13326,378321,12798,24595,29744,6374,44142,21497,5173,15837,37074,96084,33715,19826,31462,792758,709287,523154,299927,83471
OK-05,76260,107367,43359,661552,425676,407246,18430,2056,407246,9641,31341,23404,8489,43202,21940,7149,24100,47404,100951,36540,20499,32586,825376,751071,570378,284396,74305
OR-01,97201,125955,54277,602125,401494,383154,18340,565,383154,5458,21558,58859,6473,38436,15512,8507,20507,55047,89510,32012,18273,13002,711620,675497,517483,241566,36123
OR-02,68267,89174,37059,579535,323647,307624,16023,781,307624,18183,23009,24176,3491,41073,15777,3093,13082,25529,76335,30039,16369,17468,691402,652008,412877,371405,39394
OR-03,94110,119174,49103,584610,401683,380323,21360,714,380323,9233,25105,34114,8007,41140,21755,7834,15863,55802,89824,35555,18652,17439,694725,657740,467189,260139,36985
OR-04,69445,91926,39582,609574,348352,329018,19334,491,329018,8169,17881,29011,4610,38836,15627,5003,16287,35096,94891,34448,16852,12307,707485,670661,439556,344946,36824
OR-05,96200,127013,51113,591419,376391,360455,15936,340,360455,6682,31716,33325,8117,45450,18369,5151,22464,41238,82610,30663,18415,16255,713056,681939,496241,284996,31117
OR-06,90927,113049,43697,586569,380417,363069,17348,131,363069,10750,29767,40606,9705,41077,15202,4961,20736,40160,82706,27070,16897,23432,709059,670116,478538,282524,38943
PA-01,112090,148699,58706,638470,422280,408351,13929,401,408351,1330,27591,50588,9865,48295,17003,7532,29145,61943,101032,25129,17244,11654,760505,729435,597392,238336,31070
PA-02,57907,81687,33373,590199,372462,350306,22156,494,350306,1148,16613,25160,6231,34706,25060,4840,18858,44235,101937,35547,20813,15158,732277,664270,392075,347928,68007
PA-03,65154,97365,46293,637668,424691,400499,24192,581,400499,1022,10565,20293,3817,33855,20145,9863,24287,65905,138315,35045,20073,17314,762688,722174,490056,310568,40514
PA-04,108414,149756,59042,647697,433943,417566,16377,257,417566,1398,25146,51241,8808,41805,18583,7351,41597,61693,102155,26663,18614,12512,773151,748019,624535,236030,25132
PA-05,85873,128810,50803,617676,404518,384016,20502,77,384016,1066,19755,26537,6800,43612,22745,6475,31305,52214,113659,27808,17229,14811,760881,725855,560108,280359,35026
PA-06,109810,148478,56003,644476,427188,405641,21547,595,405641,4949,23283,46218,9508,39407,18788,6521,42242,59696,95841,28329,19284,11575,789544,738269,586745,252530,51275
PA-07,82166,108337,42707,650339,422085,398709,23376,99,398709,3975,24117,49676,11115,45201,30685,6311,18789,40294,109842,28675,19651,10378,780171,733781,538225,305662,46390
PA-08,69715,94279,38618,643468,381080,361276,19804,139,361276,2830,23158,35633,8809,45303,28144,3712,18918,36676,93265,31520,14570,18738,759541,703647,497111,324725,55894
PA-09,68016,88622,37008,637228,382578,363506,19072,933,363506,9570,27012,54057,8076,45873,20872,3054,14150,28440,91916,27365,16714,16407,753034,704987,514125,314237,48047
PA-10,81071,106244,43511,646213,416481,403100,13381,2088,403100,4311,20497,37617,11740,45322,28291,3498,23994,48247,105772,27467,18188,28156,779105,733416,558527,294596,45689
PA-11,85402,110967,43922,628915,413181,399921,13260,222,399921,8146,32701,57508,10795,46535,20259,4951,19663,42128,96104,28064,19703,13364,774436,701118,542691,265859,73318
PA-12,74565,104132,47834,645911,412501,392535,19966,310,392535,1836,20358,32272,5708,39767,20100,6540,33271,49841,118014,33479,17844,13505,747074,716822,539259,291316,30252
PA-13,70192,87573,36618,633688,382791,370465,12326,727,370465,9708,26253,49434,5954,42832,25714,4159,15584,31600,92354,28075,19875,18923,757241,700013,520878,303574,57228
PA-14,67410,87600,38054,633919,365679,352369,13310,440,352369,9126,26036,42198,8194,42020,24140,4230,16108,31161,89432,29883,16197,13644,736038,701715,501741,331876,34323
PA-15,65193,84087,34710,639009,363920,351245,12675,239,351245,8016,23100,49545,4750,40382,19417,3075,10397,24004,108355,27462,17917,14825,734981,688914,514462,301052,46067
PA-16,67473,92311,39297,631148,372943,357622,15321,568,357622,4479,22661,54305,5897,41377,17281,5399,21723,32332,93199,26149,17637,15183,744764,704387,513857,308584,40377
PA-17,88580,117590,51816,619508,404246,389852,14394,524,389852,1913,21238,32388,8538,39637,21623,6502,35132,58197,108234,27208,16966,12276,748152,724195,577231,268794,23957
RI-01,77683,106561,44839,466349,300323,287087,13236,2996,287087,1199,15137,29419,6336,28675,13991,4931,16014,33743,71362,38760,15551,11969,546713,519598,366774,226631,27115
RI-02,92127,122707,49678,469448,309718,292199,17519,700,292199,1937,17296,33186,5264,34058,13131,4625,17918,32017,74589,35175,12519,10484,549941,526409,390801,212605,23532
SC-01,95136,130878,54296,650969,396488,386235,10253,19904,386235,1316,33078,37098,6219,39945,23993,7272,24970,64456,80037,32506,20301,15044,773667,719207,589757,261636,54460
SC-02,77683,101885,41658,618774,384369,364693,19676,10508,364693,2984,28299,37562,6156,36994,26074,4477,23990,44412,82906,28147,18551,24141,749709,684117,522059,274782,65592
SC-03,65919,88289,36241,632654,368595,349508,19087,365,349508,3390,27474,60880,6643,42058,16679,2628,15385,35313,84769,24626,19205,10458,757108,690877,503128,286038,66231
SC-04,78299,101948,40619,648985,421941,404107,17834,359,404107,1412,26245,66464,8372,46512,20370,7433,26568,55082,81028,34926,20394,9301,802927,725842,539353,274745,77085
SC-05,75344,98599,39218,624650,385759,371252,14507,5563,371252,3329,26344,54243,8992,38058,24521,5729,31452,37914,77669,27268,21466,14267,770191,704035,534628,285815,66156
SC-06,58458,80563,34281,635446,383107,363311,19796,5610,363311,3004,26646,37746,5625,40868,22762,7218,21264,43158,81127,39973,18005,15915,740636,665027,465065,308612,75609
SC-07,61149,81780,34656,665618,359870,339423,20447,732,339423,3463,24357,32972,6553,49280,17053,5007,20408,32182,82067,38880,15324,11877,785743,708908,473747,367884,76835
SD-00,76881,100178,41637,733633,494515,480631,13884,3626,480631,28341,37452,44493,10512,56259,21356,6900,29086,37163,118945,42830,22093,25201,905334,831931,662280,290371,73403
TN-01,60591,79299,33712,668768,383204,368825,14379,159,368825,2444,30926,52892,4924,46964,21654,2902,19661,34624,77970,45017,14718,14129,788382,702580,468755,346658,85802
TN-02,72659,100349,41764,671785,416964,404197,12767,1137,404197,2301,29607,42899,8793,48779,20614,7552,26708,48104,96020,39234,21317,12269,808388,743668,567124,271804,64720
TN-03,74530,98432,40348,663797,406202,385728,20474,681,385728,2537,31984,54747,6865,40699,31454,4813,24973,41155,81891,32570,16431,15609,799965,726154,536573,302098,73811
TN-04,73896,97673,37523,659485,425862,404027,21835,564,404027,4072,30354,66052,7539,49111,29365,5605,21647,41631,78937,34113,17750,17851,818541,733328,552636,286663,85213
TN-05,96192,136607,54025,660163,457645,443621,14024,426,443621,2400,37741,35349,9857,48970,19986,7746,34240,69800,103404,38881,19772,15475,830485,743597,618750,202086,86888
TN-06,72083,95620,39709,649254,410705,396570,14135,344,396570,3407,29620,41334,7693,46509,28811,8175,22130,47278,88754,38353,17300,17206,794977,717909,530201,276408,77068
TN-07,79222,107868,45269,666796,435158,419888,15270,15555,419888,3674,33233,40909,7902,42967,22986,7712,24944,50282,104595,40972,18363,21349,791680,728449,574277,245690,63231
TN-08,70081,103810,42078,627439,374895,359627,15268,623,359627,5506,22063,56122,9579,41428,23006,3637,19439,28797,87687,25747,18846,17770,757535,697698,509396,288076,59837
TN-09,55603,75661,30960,582823,370068,342637,27431,562,342637,993,19327,24384,8948,42251,49057,2781,14495,34271,79122,31504,16667,18837,741260,647147,404521,312964,94113
TX-01,66563,86545,33443,628309,377307,358606,18701,91,358606,12497,29609,43762,7779,40847,22547,5704,17628,28299,87249,31495,19764,11426,779360,660732,474507,278424,118628
TX-02,101405,135308,47330,678458,455392,438918,16474,463,438918,11954,33025,42878,11035,45199,43388,4103,25741,60893,85078,37711,23371,14542,880309,754768,615044,208569,125541
TX-03,124853,156607,55662,725806,506515,484644,21871,524,484644,3852,22485,44342,8755,51871,21491,14922,60886,86028,98476,35276,23969,12291,915911,826412,716118,183562,89499
TX-04,99301,134898,51513,684527,464080,446923,17157,920,446923,6408,29493,42691,10347,48750,19830,10141,51133,70592,92332,31147,22420,11639,866269,761194,635456,202914,105075
TX-05,75301,93453,32744,661791,414285,393833,20452,519,393833,6947,45874,40541,7330,43338,27934,6204,26965,41122,83485,32490,19891,11712,848487,681172,491078,262525,167315
TX-06,81604,105472,36629,661494,430936,410546,20390,1071,410546,6691,39154,44681,6397,44110,36363,4847,25255,47193,85469,33818,21605,14963,829558,676378,526632,222798,153180
TX-07,75245,132183,54739,620136,436291,414249,22042,504,414249,7954,23127,30659,9408,38920,26498,8106,33695,72208,94921,34099,25385,9269,765824,631857,486717,196841,133967
TX-08,91806,119865,42299,737016,490675,463632,27043,130,463632,13895,37655,46159,9691,52666,32743,6465,27212,67595,95899,33179,26252,14221,939225,794435,639553,235359,144790
TX-09,62248,88528,32535,626670,417235,388329,28906,113,388329,4446,42268,28724,9612,37237,30357,3470,19784,47447,92966,36547,22062,13409,819435,640670,433686,262657,178765
TX-10,89284,132560,50552,672438,412095,395652,16443,1824,395652,7924,34564,34754,8974,36457,17939,6852,25240,58520,94113,34606,17752,17957,816965,719087,598811,216821,97878
TX-11,71363,96233,37627,610907,385573,367818,17755,14702,367818,32302,27029,30938,7051,43566,28008,4294,21924,31982,76809,26794,19203,17918,779232,650813,506033,242914,128419
TX-12,90319,119685,45316,674605,458314,436856,21458,2574,436856,6029,35949,46236,10634,49570,33564,4722,31615,53538,90254,38537,21021,15187,841628,724561,600190,202352,117067
TX-13,69873,91562,35704,635546,403939,387808,16131,6787,387808,14473,29421,43239,8541,46800,26227,4124,20940,30130,90033,34251,19855,19774,770527,651258,510874,226440,119269
TX-14,77652,104337,39344,622933,376161,356352,19809,1336,356352,4246,34454,46065,7020,36405,27821,3784,18026,32335,84230,30223,17233,14510,759116,644877,487565,238109,114239
TX-15,62554,84167,27972,604703,372603,351380,21223,1253,351380,10689,35468,22441,8842,43659,24832,3245,16013,29811,91043,30976,17083,17278,799156,622523,411683,261366,176633
TX-16,60456,80437,29687,614382,371162,353624,17538,14542,353624,4107,25397,23630,7956,39395,26840,6574,19950,39575,87316,33999,16721,22164,761929,600865,417899,248759,161064
TX-17,69771,93516,35584,643849,403688,385856,17832,1026,385856,9402,29593,40734,6842,42547,24069,6714,22058,40027,89621,33303,17738,23208,773927,661250,510156,238374,112677
TX-18,66803,99739,36961,647473,438423,403824,34599,97,403824,5597,43462,36001,8546,41385,33840,4545,25155,57424,80789,36451,19385,11244,811345,602998,411819,240103,208347
TX-19,64889,88160,33740,616424,385314,369659,15655,5303,369659,21776,28417,22176,8318,44129,20728,6144,20101,28215,102603,30055,19838,17159,756322,636664,483228,231374,119658
TX-20,62044,80342,30155,604917,401223,377177,24046,6277,377177,3381,35176,22298,3429,43830,25427,4498,33078,48769,85814,40924,16913,13640,757998,610191,439382,245263,147807
TX-21,100260,137621,56364,699617,441517,426831,14686,8884,426831,5941,31095,19770,7918,52884,21212,8109,45648,63968,92736,37310,19584,20656,831462,746764,621810,246140,84698
TX-22,115961,147726,50540,691561,462547,439987,22560,1159,439987,16956,30169,48276,9532,42668,27984,6454,25635,63547,103581,31773,18860,14552,886904,793492,677787,193105,93412
TX-23,81908,111830,38382,614913,362269,346577,15692,15926,346577,17904,24027,19553,4775,36844,20480,5664,30224,36243,81994,26205,13770,28894,772162,668372,520083,236916,103790
TX-24,119295,177039,66661,605401,417706,403245,14461,308,403245,3576,24048,31227,8737,39529,38226,7779,43195,66997,81987,28523,20081,9340,769326,690543,598227,163084,78783
TX-25,80242,106668,39701,663369,423655,405267,18388,517,405267,8837,29855,36817,9175,45076,33783,7465,29366,40946,92673,34419,19289,17566,819059,691852,532804,241847,127207
TX-26,122953,154473,57712,707531,503588,483689,19899,542,483689,3199,26108,43040,11089,52060,35338,12322,59397,82287,90959,31192,20738,15960,881866,795740,702482,166258,86126
TX-27,69138,92854,35606,630337,379865,365301,14564,1127,365301,10681,42323,29326,6701,34435,22547,4445,18373,37781,85021,32413,18561,22694,776210,646141,458338,271297,130069
TX-28,64511,84576,28641,622678,385634,365133,20501,4262,365133,8934,30466,20044,7233,46653,37458,4323,16873,37621,81127,34791,19141,20469,814902,658814,427590,296431,156088
TX-29,54102,72626,24529,576312,364464,342105,22359,343,342105,4347,60007,33406,8124,35303,31458,2779,12494,42831,54041,28714,22310,6291,754630,505728,291786,247604,248902
TX-30,77231,102547,39154,625102,421296,394540,26756,767,394540,2421,26038,29531,6441,40012,37244,7491,38001,54815,83889,36287,18922,13448,775818,627005,450007,231511,148813
TX-31,96045,124294,45718,708231,443541,425050,18491,17117,425050,4494,38843,40525,7282,47555,16274,7601,28524,72060,87412,34250,17406,22824,867157,774774,654471,230909,92383
TX-32,72478,103975,44336,613681,441678,426167,15511,861,426167,2205,34229,36308,8359,41701,31810,9216,40431,71916,83601,38965,20481,6945,762240,604741,463050,181664,157499
TX-33,66107,88864,30522,606943,414824,393976,20848,224,393976,1514,54333,44809,10439,44585,34728,3275,22418,60050,53431,34883,23459,6052,786808,539562,347125,226950,247246
TX-34,54486,73133,24114,602344,355948,335693,20255,651,335693,7636,30928,22494,6445,36714,22620,3335,13733,32518,96755,31263,14699,16553,788926,600176,356134,290708,188750
TX-35,73298,97520,38873,703466,498799,471588,27211,4782,471588,2109,42773,33292,7236,53800,23204,9455,27851,71652,88858,60693,21808,28857,854880,695897,525801,235734,158983
TX-36,76372,102945,37087,633550,397765,367871,29894,864,367871,6939,31639,47544,7881,38077,25623,4422,20759,41856,74884,33388,20016,14843,803778,647431,464082,249318,156347
TX-37,93776,145238,71055,658560,489557,471379,18178,260,471379,2499,28988,34651,5275,40819,16806,16682,34154,116519,91705,39240,19851,24190,772131,687176,602693,146149,84955
TX-38,98753,148114,56676,633577,428835,409365,19470,261,409365,9975,31671,35167,14138,40796,32438,6457,26244,72969,78587,29723,21945,9255,808531,719973,591638,193339,88558
UT-01,92358,117167,41643,675854,467655,453404,14251,4318,453404,4306,35939,55863,6777,51120,22963,4988,24212,51229,101790,39721,17388,37108,863589,799297,689545,185020,64292
UT-02,90523,111426,39979,694422,466557,447308,19249,1686,447308,6097,38121,44207,7389,51289,28599,5898,29482,57860,97344,43860,20403,16759,871142,778434,638504,223619,92708
UT-03,96440,133423,45592,641658,439297,420726,18571,324,420726,6082,33224,29742,7273,44703,17260,8362,33073,66087,104149,36564,18650,15557,826262,767215,648754,188499,59047
UT-04,109469,128876,40295,676344,495216,476702,18514,855,476702,3406,49680,47427,9580,55899,19078,7207,35869,70656,105876,35538,19376,17110,915739,843105,731233,175917,72634
VT-00,82730,109920,48856,553496,358176,348622,9554,688,348622,7170,28195,32642,4586,37547,13851,4535,19490,35565,100084,31110,18240,15607,642759,615657,456037,260439,27102
VA-01,100817,134593,53882,672501,414766,400968,13798,8534,400968,2150,26658,27248,8613,40493,13946,5896,35451,58477,99481,33229,21610,27716,807283,769614,635312,264331,37669
VA-02,93827,120269,48331,636129,389394,377202,12192,31861,377202,4682,26703,28525,6257,40382,13838,3793,24749,49383,94146,32922,18888,32934,748164,699639,566231,257126,48525
VA-03,67625,87486,37335,622749,370542,352926,17616,40360,352926,1219,23448,39611,2604,38975,18782,4474,22050,38497,86639,36983,14976,24668,728913,672698,469420,319396,56215
VA-04,69839,92340,39810,668235,431216,413585,17631,10575,413585,2565,30813,27774,8818,47777,21565,5722,31150,48970,97408,38262,22184,30577,782143,714558,508093,313323,67585
VA-05,73090,101860,42325,673425,392645,380505,12140,1297,380505,7616,29254,33359,3475,43929,17505,4856,20813,42287,105772,29639,21021,20979,786476,740809,532763,323700,45667
VA-06,74264,96895,39951,661591,396791,384086,12705,1024,384086,6892,25960,42048,8834,49392,23150,6520,19476,38125,92397,32348,20814,18130,785919,727588,533865,307950,58331
VA-07,113690,135904,47816,650094,430191,413526,16665,16152,413526,3375,33918,17000,5599,44947,24461,6721,21033,63792,86215,26830,23231,56404,804131,737968,596528,254977,66163
VA-08,133323,183045,78653,646774,463023,447456,15567,13722,447456,411,21380,9537,2439,25094,14164,12770,31013,116057,76964,38419,35385,63823,771557,713676,612241,196141,57881
VA-09,59156,81359,34634,662258,351951,339322,12629,1686,339322,6787,23261,42405,4634,41587,16669,4299,15854,29160,91665,26909,18212,17880,764255,715861,470801,347148,48394
VA-10,157863,188875,63989,636408,454092,438894,15198,2865,438894,2087,31097,17509,4897,34550,16113,13694,30403,115637,77330,33883,21486,40208,815972,758878,662717,183120,57094
VA-11,158109,197157,72403,643532,451874,433419,18455,4639,433419,784,19684,14399,2483,26977,15894,11539,30869,124743,83220,33337,24645,44845,785611,733540,645806,184364,52071
VA-01,131159,184889,73433,657950,456750,438552,18198,1761,438552,2508,25160,45763,6756,47266,16677,25522,28109,93037,85945,31815,16731,13263,804955,764655,634207,202152,40300
WA-02,90998,121302,50618,660771,408379,389559,18820,8960,389559,5605,33404,46014,6631,43217,20260,6491,17074,47561,87484,35101,21893,18824,776438,721281,527763,303796,55157
WA-03,92354,117519,46509,653442,404158,383346,20812,2319,383346,6187,31164,38810,10516,41751,28793,4638,21654,39558,92676,27836,18055,21708,797732,752185,562700,310334,45547
WA-04,78605,99257,35721,613290,374959,350640,24319,640,350640,36231,28026,26123,7573,38259,23549,2715,14051,40383,75595,24985,15103,18047,790380,688020,428532,361549,102360
WA-05,80002,103311,41511,653406,392960,373157,19803,3814,373157,10834,28585,27502,7801,41457,19419,4715,22478,33848,105222,30826,19387,21083,786333,738223,530229,325717,48110
WA-06,94385,118374,50405,666541,376277,359819,16458,13514,359819,3802,22578,28421,8361,39514,20630,5057,18188,46473,83541,31073,19309,32872,775702,736341,551045,330290,39361
WA-07,119340,174529,84901,704888,523524,496447,27077,436,496447,1864,19725,32458,5656,60137,19464,29345,28899,111595,110664,40817,21459,14364,807505,773041,651863,191007,34464
WA-08,130695,175094,63446,628896,407967,391040,16927,415,391040,5174,35529,33078,8625,44897,21351,16102,21992,57898,81404,32186,15677,17127,792559,751018,607771,235787,41541
WA-09,100731,148575,57928,640812,439539,418714,20825,497,418714,3712,27631,37945,7268,49308,34777,13857,21684,66130,86551,39967,17292,12592,769335,711473,519418,264697,57862
WA-10,95458,118437,46374,625495,383172,363338,19834,29421,363338,2853,24558,26349,10133,44630,27759,4902,16122,38867,90070,27665,14009,35421,742351,695362,542400,269421,46989
WV-01,56624,75943,32525,714612,367604,350798,16806,1052,350798,15579,21879,24403,7593,43300,18763,5071,18963,28812,97650,30320,16464,22001,844136,798081,518508,426760,46055
WV-02,64861,86032,36778,755016,436454,415996,20458,1609,415996,11309,25979,33995,6457,48077,27355,5477,22443,34533,111367,36768,19370,32866,891962,837474,588944,384507,54488
WI-01,79452,101359,42858,602557,393611,378616,14995,748,378616,4537,24475,67305,8809,48169,23038,3863,18789,33220,83267,33025,15804,14315,729964,690351,523731,259216,39613
WI-02,88518,116033,51122,632282,442011,432303,9708,467,432303,6428,23472,47367,6272,42081,15207,6270,27998,70414,120031,32127,15412,19224,758661,729931,617544,212590,28730
WI-03,73367,93502,39555,612122,394778,383476,11302,808,383476,13022,21096,62194,6654,51386,20055,3985,21778,31659,91433,29301,16651,14262,730326,691668,542787,268523,38658
WI-04,62083,87217,37492,571549,376392,355539,20853,198,355539,1240,14847,50109,6275,36545,17027,3675,21771,41461,96969,37042,15732,12846,717658,654813,410015,304769,62845
WI-05,91909,118097,50102,617391,413645,403144,10501,720,403144,3889,29514,73011,10095,43984,14136,4942,27577,41335,96581,27099,17735,13246,746195,717399,584170,227599,28796
WI-06,76182,98054,42173,614015,390479,379104,11375,386,379104,9272,24540,90842,6308,42472,16698,4787,18729,32889,75463,24354,18410,14340,727317,693705,542878,256038,33612
WI-07,73003,91994,40279,623469,380070,368827,11243,294,368827,12615,33329,62897,7263,43379,18635,4219,21422,25507,84772,24175,15837,14777,746145,702122,527870,302861,44023
WI-08,78966,100484,42898,609588,396656,389389,7267,343,389389,7617,26317,84120,9076,40444,18711,3875,27427,32383,79761,29259,16437,13962,740802,706543,540992,252920,34259
WY-00,75532,101197,44008,480483,307647,297101,10546,4202,297101,24209,25358,11843,4618,32590,18580,4503,12919,29010,72091,27065,15493,18822,576912,517580,419639,179988,59332